{
  "meta": {
    "script": "Jupyter Notebook Interactive Export",
    "clean_min": 0.9,
    "corrupt_min": 0.9,
    "curve_points": 400,
    "bandwidth": 0.0
  },
  "counts": {
    "input_rows": 20000,
    "valid_rows": 20000,
    "filtered_rows": 16305,
    "rejected_rows": 3695,
    "acceptance_rate_over_valid": 0.81525,
    "rejection_reasons": {
      "clean_low": 445,
      "corrupt_low": 3105,
      "both_low": 145
    }
  },
  "stats": {
    "clean_p_yes": {
      "count": 20000,
      "mean": 0.9764721771739423,
      "median": 0.9890130758285522,
      "std": 0.05611472327520784,
      "min": 0.07585817575454712,
      "max": 0.9986749291419983,
      "q05": 0.9241418242454529,
      "q25": 0.977022647857666,
      "q75": 0.9940890073776245,
      "q95": 0.9971990585327148
    },
    "corrupt_p_yes": {
      "count": 20000,
      "mean": 0.9303390114437788,
      "median": 0.9820137619972229,
      "std": 0.14714776728914802,
      "min": 0.022977370768785477,
      "max": 0.9990890026092529,
      "q05": 0.6513549089431763,
      "q25": 0.9465966820716858,
      "q75": 0.9914224743843079,
      "q95": 0.9959298968315125
    }
  },
  "timestamp_utc": "2026-04-30T08:20:05.968590+00:00"
}